<?xml version="1.0" encoding="UTF-8"?>
<root>
  <item name="com.ez.adapters.base.BaseViewHolder com.ez.adapters.base.BaseViewHolder setViewVisible(int, int) 1">
    <annotation name="androidx.annotation.IntDef">
      <val name="value" val="{android.view.View.VISIBLE, android.view.View.INVISIBLE, android.view.View.GONE}" />
    </annotation>
  </item>
  <item name="com.ez.adapters.base.BaseViewHolder.ViewVisibility">
    <annotation name="androidx.annotation.IntDef">
      <val name="value" val="{android.view.View.VISIBLE, android.view.View.INVISIBLE, android.view.View.GONE}" />
    </annotation>
  </item>
</root>

