<?xml version="1.0" encoding="UTF-8"?>
<root>
  <item name="com.ez.utils.BAutoSize android.content.res.Resources applyAdapt(android.content.res.Resources, float, int) 2">
    <annotation name="androidx.annotation.IntDef">
      <val name="value" val="{com.ez.utils.BAutoSize.WIDTH_DP, com.ez.utils.BAutoSize.WIDTH_PT, com.ez.utils.BAutoSize.HEIGHT_PT}" />
    </annotation>
  </item>
  <item name="com.ez.utils.BAutoSize int px2Value(android.content.Context, float, int) 2">
    <annotation name="androidx.annotation.IntDef">
      <val name="value" val="{com.ez.utils.BAutoSize.WIDTH_DP, com.ez.utils.BAutoSize.WIDTH_PT, com.ez.utils.BAutoSize.HEIGHT_PT}" />
    </annotation>
  </item>
  <item name="com.ez.utils.BAutoSize void change(int, android.content.res.Resources, android.util.DisplayMetrics, android.util.DisplayMetrics, float) 0">
    <annotation name="androidx.annotation.IntDef">
      <val name="value" val="{com.ez.utils.BAutoSize.WIDTH_DP, com.ez.utils.BAutoSize.WIDTH_PT, com.ez.utils.BAutoSize.HEIGHT_PT}" />
    </annotation>
  </item>
  <item name="com.ez.utils.BDate java.lang.String getString(java.lang.String, java.text.DateFormat, long, int) 3">
    <annotation name="androidx.annotation.IntDef">
      <val name="value" val="{com.ez.utils.TimeConstants.MSEC, com.ez.utils.TimeConstants.SEC, com.ez.utils.TimeConstants.MIN, com.ez.utils.TimeConstants.HOUR, com.ez.utils.TimeConstants.DAY}" />
    </annotation>
  </item>
  <item name="com.ez.utils.BDate java.lang.String getString(java.lang.String, long, int) 2">
    <annotation name="androidx.annotation.IntDef">
      <val name="value" val="{com.ez.utils.TimeConstants.MSEC, com.ez.utils.TimeConstants.SEC, com.ez.utils.TimeConstants.MIN, com.ez.utils.TimeConstants.HOUR, com.ez.utils.TimeConstants.DAY}" />
    </annotation>
  </item>
  <item name="com.ez.utils.BDate java.lang.String getString(java.util.Date, java.text.DateFormat, long, int) 3">
    <annotation name="androidx.annotation.IntDef">
      <val name="value" val="{com.ez.utils.TimeConstants.MSEC, com.ez.utils.TimeConstants.SEC, com.ez.utils.TimeConstants.MIN, com.ez.utils.TimeConstants.HOUR, com.ez.utils.TimeConstants.DAY}" />
    </annotation>
  </item>
  <item name="com.ez.utils.BDate java.lang.String getString(java.util.Date, long, int) 2">
    <annotation name="androidx.annotation.IntDef">
      <val name="value" val="{com.ez.utils.TimeConstants.MSEC, com.ez.utils.TimeConstants.SEC, com.ez.utils.TimeConstants.MIN, com.ez.utils.TimeConstants.HOUR, com.ez.utils.TimeConstants.DAY}" />
    </annotation>
  </item>
  <item name="com.ez.utils.BDate java.lang.String getString(long, java.text.DateFormat, long, int) 3">
    <annotation name="androidx.annotation.IntDef">
      <val name="value" val="{com.ez.utils.TimeConstants.MSEC, com.ez.utils.TimeConstants.SEC, com.ez.utils.TimeConstants.MIN, com.ez.utils.TimeConstants.HOUR, com.ez.utils.TimeConstants.DAY}" />
    </annotation>
  </item>
  <item name="com.ez.utils.BDate java.lang.String getString(long, long, int) 2">
    <annotation name="androidx.annotation.IntDef">
      <val name="value" val="{com.ez.utils.TimeConstants.MSEC, com.ez.utils.TimeConstants.SEC, com.ez.utils.TimeConstants.MIN, com.ez.utils.TimeConstants.HOUR, com.ez.utils.TimeConstants.DAY}" />
    </annotation>
  </item>
  <item name="com.ez.utils.BDate java.lang.String getStringByNow(long, int) 1">
    <annotation name="androidx.annotation.IntDef">
      <val name="value" val="{com.ez.utils.TimeConstants.MSEC, com.ez.utils.TimeConstants.SEC, com.ez.utils.TimeConstants.MIN, com.ez.utils.TimeConstants.HOUR, com.ez.utils.TimeConstants.DAY}" />
    </annotation>
  </item>
  <item name="com.ez.utils.BDate java.lang.String getStringByNow(long, java.text.DateFormat, int) 2">
    <annotation name="androidx.annotation.IntDef">
      <val name="value" val="{com.ez.utils.TimeConstants.MSEC, com.ez.utils.TimeConstants.SEC, com.ez.utils.TimeConstants.MIN, com.ez.utils.TimeConstants.HOUR, com.ez.utils.TimeConstants.DAY}" />
    </annotation>
  </item>
  <item name="com.ez.utils.BDate java.util.Date getDate(java.lang.String, java.text.DateFormat, long, int) 3">
    <annotation name="androidx.annotation.IntDef">
      <val name="value" val="{com.ez.utils.TimeConstants.MSEC, com.ez.utils.TimeConstants.SEC, com.ez.utils.TimeConstants.MIN, com.ez.utils.TimeConstants.HOUR, com.ez.utils.TimeConstants.DAY}" />
    </annotation>
  </item>
  <item name="com.ez.utils.BDate java.util.Date getDate(java.lang.String, long, int) 2">
    <annotation name="androidx.annotation.IntDef">
      <val name="value" val="{com.ez.utils.TimeConstants.MSEC, com.ez.utils.TimeConstants.SEC, com.ez.utils.TimeConstants.MIN, com.ez.utils.TimeConstants.HOUR, com.ez.utils.TimeConstants.DAY}" />
    </annotation>
  </item>
  <item name="com.ez.utils.BDate java.util.Date getDate(java.util.Date, long, int) 2">
    <annotation name="androidx.annotation.IntDef">
      <val name="value" val="{com.ez.utils.TimeConstants.MSEC, com.ez.utils.TimeConstants.SEC, com.ez.utils.TimeConstants.MIN, com.ez.utils.TimeConstants.HOUR, com.ez.utils.TimeConstants.DAY}" />
    </annotation>
  </item>
  <item name="com.ez.utils.BDate java.util.Date getDate(long, long, int) 2">
    <annotation name="androidx.annotation.IntDef">
      <val name="value" val="{com.ez.utils.TimeConstants.MSEC, com.ez.utils.TimeConstants.SEC, com.ez.utils.TimeConstants.MIN, com.ez.utils.TimeConstants.HOUR, com.ez.utils.TimeConstants.DAY}" />
    </annotation>
  </item>
  <item name="com.ez.utils.BDate java.util.Date getDateByNow(long, int) 1">
    <annotation name="androidx.annotation.IntDef">
      <val name="value" val="{com.ez.utils.TimeConstants.MSEC, com.ez.utils.TimeConstants.SEC, com.ez.utils.TimeConstants.MIN, com.ez.utils.TimeConstants.HOUR, com.ez.utils.TimeConstants.DAY}" />
    </annotation>
  </item>
  <item name="com.ez.utils.BDate long getMillis(java.lang.String, java.text.DateFormat, long, int) 3">
    <annotation name="androidx.annotation.IntDef">
      <val name="value" val="{com.ez.utils.TimeConstants.MSEC, com.ez.utils.TimeConstants.SEC, com.ez.utils.TimeConstants.MIN, com.ez.utils.TimeConstants.HOUR, com.ez.utils.TimeConstants.DAY}" />
    </annotation>
  </item>
  <item name="com.ez.utils.BDate long getMillis(java.lang.String, long, int) 2">
    <annotation name="androidx.annotation.IntDef">
      <val name="value" val="{com.ez.utils.TimeConstants.MSEC, com.ez.utils.TimeConstants.SEC, com.ez.utils.TimeConstants.MIN, com.ez.utils.TimeConstants.HOUR, com.ez.utils.TimeConstants.DAY}" />
    </annotation>
  </item>
  <item name="com.ez.utils.BDate long getMillis(java.util.Date, long, int) 2">
    <annotation name="androidx.annotation.IntDef">
      <val name="value" val="{com.ez.utils.TimeConstants.MSEC, com.ez.utils.TimeConstants.SEC, com.ez.utils.TimeConstants.MIN, com.ez.utils.TimeConstants.HOUR, com.ez.utils.TimeConstants.DAY}" />
    </annotation>
  </item>
  <item name="com.ez.utils.BDate long getMillis(long, long, int) 2">
    <annotation name="androidx.annotation.IntDef">
      <val name="value" val="{com.ez.utils.TimeConstants.MSEC, com.ez.utils.TimeConstants.SEC, com.ez.utils.TimeConstants.MIN, com.ez.utils.TimeConstants.HOUR, com.ez.utils.TimeConstants.DAY}" />
    </annotation>
  </item>
  <item name="com.ez.utils.BDate long getMillisByNow(long, int) 1">
    <annotation name="androidx.annotation.IntDef">
      <val name="value" val="{com.ez.utils.TimeConstants.MSEC, com.ez.utils.TimeConstants.SEC, com.ez.utils.TimeConstants.MIN, com.ez.utils.TimeConstants.HOUR, com.ez.utils.TimeConstants.DAY}" />
    </annotation>
  </item>
  <item name="com.ez.utils.BDate long getTimeSpan(java.lang.String, java.lang.String, int) 2">
    <annotation name="androidx.annotation.IntDef">
      <val name="value" val="{com.ez.utils.TimeConstants.MSEC, com.ez.utils.TimeConstants.SEC, com.ez.utils.TimeConstants.MIN, com.ez.utils.TimeConstants.HOUR, com.ez.utils.TimeConstants.DAY}" />
    </annotation>
  </item>
  <item name="com.ez.utils.BDate long getTimeSpan(java.lang.String, java.lang.String, java.text.DateFormat, int) 3">
    <annotation name="androidx.annotation.IntDef">
      <val name="value" val="{com.ez.utils.TimeConstants.MSEC, com.ez.utils.TimeConstants.SEC, com.ez.utils.TimeConstants.MIN, com.ez.utils.TimeConstants.HOUR, com.ez.utils.TimeConstants.DAY}" />
    </annotation>
  </item>
  <item name="com.ez.utils.BDate long getTimeSpan(java.util.Date, java.util.Date, int) 2">
    <annotation name="androidx.annotation.IntDef">
      <val name="value" val="{com.ez.utils.TimeConstants.MSEC, com.ez.utils.TimeConstants.SEC, com.ez.utils.TimeConstants.MIN, com.ez.utils.TimeConstants.HOUR, com.ez.utils.TimeConstants.DAY}" />
    </annotation>
  </item>
  <item name="com.ez.utils.BDate long getTimeSpan(long, long, int) 2">
    <annotation name="androidx.annotation.IntDef">
      <val name="value" val="{com.ez.utils.TimeConstants.MSEC, com.ez.utils.TimeConstants.SEC, com.ez.utils.TimeConstants.MIN, com.ez.utils.TimeConstants.HOUR, com.ez.utils.TimeConstants.DAY}" />
    </annotation>
  </item>
  <item name="com.ez.utils.BDate long getTimeSpanByNow(java.lang.String, java.text.DateFormat, int) 2">
    <annotation name="androidx.annotation.IntDef">
      <val name="value" val="{com.ez.utils.TimeConstants.MSEC, com.ez.utils.TimeConstants.SEC, com.ez.utils.TimeConstants.MIN, com.ez.utils.TimeConstants.HOUR, com.ez.utils.TimeConstants.DAY}" />
    </annotation>
  </item>
  <item name="com.ez.utils.BDate long getTimeSpanByNow(java.text.DateFormat, java.lang.String, int) 2">
    <annotation name="androidx.annotation.IntDef">
      <val name="value" val="{com.ez.utils.TimeConstants.MSEC, com.ez.utils.TimeConstants.SEC, com.ez.utils.TimeConstants.MIN, com.ez.utils.TimeConstants.HOUR, com.ez.utils.TimeConstants.DAY}" />
    </annotation>
  </item>
  <item name="com.ez.utils.BDate long getTimeSpanByNow(java.util.Date, int) 1">
    <annotation name="androidx.annotation.IntDef">
      <val name="value" val="{com.ez.utils.TimeConstants.MSEC, com.ez.utils.TimeConstants.SEC, com.ez.utils.TimeConstants.MIN, com.ez.utils.TimeConstants.HOUR, com.ez.utils.TimeConstants.DAY}" />
    </annotation>
  </item>
  <item name="com.ez.utils.BDate long getTimeSpanByNow(long, int) 1">
    <annotation name="androidx.annotation.IntDef">
      <val name="value" val="{com.ez.utils.TimeConstants.MSEC, com.ez.utils.TimeConstants.SEC, com.ez.utils.TimeConstants.MIN, com.ez.utils.TimeConstants.HOUR, com.ez.utils.TimeConstants.DAY}" />
    </annotation>
  </item>
  <item name="com.ez.utils.BDate long millis2TimeSpan(long, int) 1">
    <annotation name="androidx.annotation.IntDef">
      <val name="value" val="{com.ez.utils.TimeConstants.MSEC, com.ez.utils.TimeConstants.SEC, com.ez.utils.TimeConstants.MIN, com.ez.utils.TimeConstants.HOUR, com.ez.utils.TimeConstants.DAY}" />
    </annotation>
  </item>
  <item name="com.ez.utils.BDate long timeSpan2Millis(long, int) 1">
    <annotation name="androidx.annotation.IntDef">
      <val name="value" val="{com.ez.utils.TimeConstants.MSEC, com.ez.utils.TimeConstants.SEC, com.ez.utils.TimeConstants.MIN, com.ez.utils.TimeConstants.HOUR, com.ez.utils.TimeConstants.DAY}" />
    </annotation>
  </item>
  <item name="com.ez.utils.TimeConstants.Unit">
    <annotation name="androidx.annotation.IntDef">
      <val name="value" val="{com.ez.utils.TimeConstants.MSEC, com.ez.utils.TimeConstants.SEC, com.ez.utils.TimeConstants.MIN, com.ez.utils.TimeConstants.HOUR, com.ez.utils.TimeConstants.DAY}" />
    </annotation>
  </item>
</root>

