<?xml version="1.0" encoding="UTF-8"?>
<root>
  <item name="com.ez.adapters.adapter.BaseAdapterLvsList com.ez.adapters.base.BaseViewHolder onCreateViewHolder(android.view.ViewGroup, int, android.view.LayoutInflater) 1">
    <annotation name="androidx.annotation.IntDef">
      <val name="value" val="{com.ez.adapters.adapter.BaseAdapterRvList.TYPE_HEADER, com.ez.adapters.adapter.BaseAdapterRvList.TYPE_BODY, com.ez.adapters.adapter.BaseAdapterRvList.TYPE_FOOTER}" />
    </annotation>
  </item>
  <item name="com.ez.adapters.adapter.BaseAdapterLvsList int getItemViewType(int)">
    <annotation name="androidx.annotation.IntDef">
      <val name="value" val="{com.ez.adapters.adapter.BaseAdapterRvList.TYPE_HEADER, com.ez.adapters.adapter.BaseAdapterRvList.TYPE_BODY, com.ez.adapters.adapter.BaseAdapterRvList.TYPE_FOOTER}" />
    </annotation>
  </item>
  <item name="com.ez.adapters.adapter.BaseAdapterRvList com.ez.adapters.base.BaseViewHolder onCreateViewHolder(android.view.ViewGroup, int, android.view.LayoutInflater) 1">
    <annotation name="androidx.annotation.IntDef">
      <val name="value" val="{com.ez.adapters.adapter.BaseAdapterRvList.TYPE_HEADER, com.ez.adapters.adapter.BaseAdapterRvList.TYPE_BODY, com.ez.adapters.adapter.BaseAdapterRvList.TYPE_FOOTER}" />
    </annotation>
  </item>
  <item name="com.ez.adapters.adapter.BaseAdapterRvList int getItemViewType(int)">
    <annotation name="androidx.annotation.IntDef">
      <val name="value" val="{com.ez.adapters.adapter.BaseAdapterRvList.TYPE_HEADER, com.ez.adapters.adapter.BaseAdapterRvList.TYPE_BODY, com.ez.adapters.adapter.BaseAdapterRvList.TYPE_FOOTER}" />
    </annotation>
  </item>
  <item name="com.ez.adapters.adapter.BaseAdapterRvList.AdapterListType">
    <annotation name="androidx.annotation.IntDef">
      <val name="value" val="{com.ez.adapters.adapter.BaseAdapterRvList.TYPE_HEADER, com.ez.adapters.adapter.BaseAdapterRvList.TYPE_BODY, com.ez.adapters.adapter.BaseAdapterRvList.TYPE_FOOTER}" />
    </annotation>
  </item>
</root>

